Associate_ID,Orders_Processed,Labor_Hours,Delay_Count,Error_Count,Productivity,Error_Rate
A029,542,210.76,48,12,2.571645473524388,0.02214022140221402
A005,684,273.94,42,18,2.49689713075856,0.02631578947368421
A050,417,167.06,21,8,2.4961091823297017,0.019184652278177457
A043,527,211.29,39,15,2.4942022812248568,0.028462998102466792
A073,578,231.83,42,10,2.493206228702066,0.01730103806228374
A067,357,143.27,21,5,2.4917987017519367,0.014005602240896359
A004,560,226.20999999999998,34,9,2.4755757924052872,0.01607142857142857
A018,655,265.11,44,13,2.470672551016559,0.01984732824427481
A052,622,252.93,37,14,2.459178428814296,0.022508038585209004
A032,595,242.2,24,16,2.4566473988439306,0.02689075630252101
A014,343,140.35,26,7,2.4438902743142146,0.02040816326530612
A074,435,178.13,27,8,2.442036714758884,0.01839080459770115
A046,474,195.01,33,11,2.4306445823291116,0.023206751054852322
A037,557,230.57,40,13,2.415752266123086,0.02333931777378815
A061,530,219.79,37,14,2.4113926930251606,0.026415094339622643
A069,458,190.41,38,11,2.405335854209338,0.024017467248908297
A009,771,321.02,48,9,2.4017195190330822,0.011673151750972763
A047,472,196.67000000000002,29,8,2.3999593227233436,0.01694915254237288
A038,634,264.36,40,10,2.3982448176728703,0.015772870662460567
A077,508,213.0,26,19,2.384976525821596,0.03740157480314961
A007,497,208.54,35,9,2.383235830056584,0.018108651911468814
A065,499,209.4,39,5,2.382999044890162,0.01002004008016032
A034,480,202.54,29,14,2.369902241532537,0.029166666666666667
A025,447,188.81,29,10,2.3674593506699857,0.02237136465324385
A039,610,258.57,40,7,2.359129055961635,0.011475409836065573
A070,553,234.82,44,13,2.3549953155608554,0.023508137432188065
A068,559,237.84,39,8,2.350319542549613,0.014311270125223614
A064,476,202.59,43,11,2.349573029270941,0.023109243697478993
A055,711,302.63,49,12,2.3494035621055414,0.016877637130801686
A036,728,310.24,48,12,2.3465703971119134,0.016483516483516484
A027,591,252.49,44,13,2.340686759871678,0.021996615905245348
A049,553,236.38,30,10,2.3394534224553687,0.018083182640144666
A021,501,214.49,44,8,2.3357732295211897,0.015968063872255488
A031,512,219.94,34,10,2.327907611166682,0.01953125
A054,461,198.19,28,11,2.3260507593723196,0.02386117136659436
A045,636,273.81,48,15,2.322778569080749,0.02358490566037736
A040,596,256.88,39,12,2.320149486141389,0.020134228187919462
A006,429,184.94,25,10,2.31967124472802,0.023310023310023312
A062,450,194.68,30,5,2.3114855146907747,0.011111111111111112
A076,596,258.0,38,9,2.310077519379845,0.015100671140939598
A020,421,182.32,27,11,2.309126810004388,0.026128266033254157
A024,441,191.34,39,7,2.3047977422389465,0.015873015873015872
A012,640,278.44,45,15,2.298520327539147,0.0234375
A023,707,307.7,42,18,2.297692557686058,0.02545968882602546
A058,694,302.45,50,14,2.2945941477930236,0.020172910662824207
A008,645,281.12,40,18,2.2943938531587933,0.027906976744186046
A048,599,261.37,41,18,2.2917702873321346,0.03005008347245409
A071,390,170.2,29,11,2.291421856639248,0.028205128205128206
A044,545,238.31,36,14,2.2869371826612395,0.025688073394495414
A079,447,195.59,30,11,2.285392913748147,0.024608501118568233
A066,683,299.41,59,15,2.281152934103737,0.021961932650073207
A075,811,355.7,63,14,2.2800112454315435,0.01726263871763255
A057,525,230.37,31,9,2.2789425706472195,0.017142857142857144
A063,682,300.13,55,16,2.272348648918802,0.02346041055718475
A028,625,275.31,43,11,2.2701681740583344,0.0176
A080,549,242.0,37,12,2.268595041322314,0.02185792349726776
A015,760,335.90000000000003,44,11,2.26257814825841,0.014473684210526316
A002,637,281.6,47,7,2.2620738636363633,0.01098901098901099
A035,793,350.93,54,12,2.2597099136579946,0.015132408575031526
A056,438,194.65,31,8,2.2501926534806063,0.0182648401826484
A010,399,177.47,28,10,2.2482673127852597,0.02506265664160401
A022,448,199.42,29,7,2.246514893190252,0.015625
A053,662,294.75,47,22,2.2459711620016964,0.03323262839879154
A051,415,185.39,27,8,2.238524192243379,0.01927710843373494
A059,551,246.91,33,10,2.2315823579441902,0.018148820326678767
A011,493,221.1,35,15,2.229760289461782,0.030425963488843813
A033,218,97.87,15,1,2.2274445693266576,0.0045871559633027525
A026,739,332.11,43,13,2.2251663605431933,0.017591339648173207
A017,437,196.48,28,13,2.2241449511400653,0.029748283752860413
A003,569,256.18,39,18,2.221094542899524,0.03163444639718805
A072,448,202.01,32,6,2.21771199445572,0.013392857142857142
A030,513,231.78,37,8,2.2133057209422726,0.015594541910331383
A013,505,230.21,39,8,2.1936492767473177,0.015841584158415842
A016,599,274.39,32,13,2.183024162688145,0.021702838063439065
A001,571,262.21,47,10,2.1776438732313794,0.017513134851138354
A041,490,227.29,35,7,2.15583615645211,0.014285714285714285
A019,423,200.08,38,7,2.114154338264694,0.016548463356973995
A042,359,174.2,25,4,2.0608495981630313,0.011142061281337047
A078,382,186.26,26,9,2.050896596155911,0.02356020942408377
A060,280,139.27,19,10,2.010483234005888,0.03571428571428571
