Month,Orders_Processed,Delay_Count,On_Time_Orders,On_Time_Rate
2025-01,3458,243,3355,0.970213996529786
2025-02,3679,241,3581,0.9733623267192172
2025-03,3598,210,3509,0.9752640355753196
2025-04,3792,286,3658,0.9646624472573839
2025-05,3636,265,3513,0.9661716171617162
2025-06,3735,261,3626,0.9708165997322624
2025-07,3502,241,3397,0.9700171330668189
2025-08,3443,223,3351,0.9732791170490851
2025-09,3749,266,3630,0.9682582021872499
2025-10,3759,233,3655,0.9723330673051344
2025-11,3224,228,3123,0.9686724565756824
2025-12,3562,251,3451,0.9688377316114543
